province,population,conversion_rate
台湾,2,0.0
西藏,44,2.27
青海,138,0.0
海南,331,6.65
宁夏,470,1.28
云南,565,4.42
新疆,804,3.61
吉林,851,2.0
天津,924,4.98
黑龙江,1067,1.87
甘肃,1423,2.46
广西,1522,5.06
内蒙古,1587,3.21
上海,1650,7.33
贵州,1751,4.51
辽宁,1899,2.63
湖北,1998,3.4
江西,2196,3.55
安徽,2548,2.63
北京,2746,7.5
浙江,3136,5.87
陕西,3581,2.51
湖南,3966,3.61
江苏,4604,5.15
福建,4662,3.35
四川,5653,2.79
山西,7082,1.27
山东,7185,2.89
河北,8308,1.77
河南,8614,1.95
广东,11407,5.5
重庆,12390,2.85
